name,formId
Seminar,1nr2JmHH50nxBCKCHOuFtYLF8HUDORi6W4JGCpYB16Q0
2-D Art and Design,1rEqbUOIR5VNDkjnaG3id2Ap0d0LcImgoGXLEJOV3xyk
3-D Art and Design,1XnpPJnR6j_Ho7LEPcpOxV7iFHrLUroPS_q_fgxT5RbU
Drawing,109wXPDBt5xkKwIDydQsrhSe-vBT5okM8qgAKsczA--g
Art History,1n2LUp7PSQVnJlFvyg2BJtzSH7XfXlPArHWLZ8MWA7B8
Music Theory,1poflJY_q6IV3n78rVkyX8MXVBCnYy83Huw9pEjSyS8k
English Literature and Composition,1Z0rbiCbvh01KRN440M64KTPttPJoYXqrGodCcsAE450
Comparative Government and Politics,1UVaT64Xim6N521DQpZOekcVt3WWoAEU9h-lsQpHt3Ig
Human Geography,1Fu0ZlfHOMg4MURoQu2wvKOYRzLdfKahqae1CtQsq-1I
Macroeconomics,1mUg_M_oz8OwiNNZ9EFy5JKzQj5jfJHm5D1OcbAIK0uI
Psychology,11FY8zZ6GZgpGwKYPKiolNUBmmbCakovvgjVJJYvdz00
United States Government and Politics,1IJMD9M2z5UokvgTAKBX25CQNo0zD7EDcYmLiLeprRcg
French Language and Culture,1lu4IYzlf7Iujoa95nHPwaX8sbEa4_LUUvbjUIOz79PQ
Physics 2: Algebra Based,1_un7qqv_Oyixe0gThO6v3vnaoxIesRUV8gVCKL97L4g
German Language and Culture,1UGZmm7HGrhot9NQYpXpzKeFmDzNZUGcBy0n81HZlii4
Italian Language and Culture,1iT0gyJ1ui4cHttj8cc3KM6FEboFbEg9IhNNY2Z6z0cg
Japanese Language and Culture,14ZY6Qgdu60vxxiTMMhsrnrW31b6XB4ChoqUEkQt_aNg
Latin,12ogLwiWOSauRTIAHSEs8lJ54aBVNJfXae4VAhxQs1Ic
Spanish Language and Culture,1_X-g1MAwf8OcDgMpcLwUl8drcmJPSQeSBGmcvRFFLEc
Spanish Literature and Culture,1gFw2o2AJjqWbKqZvYDRYLGD0L9OpVo5gWbbilJjcjMc
